-- =============================================================================
-- SmartCRM — Development Seed Data
-- Safe to re-run: deletes all existing rows (ordered to respect FK constraints)
-- before inserting fresh data.
-- =============================================================================

-- ---- Truncate (FK-safe order) -----------------------------------------------
TRUNCATE TABLE
  activity_logs,
  analytics_snapshots,
  interactions,
  deals,
  tasks,
  leads,
  pipeline_stages,
  customers,
  users,
  organizations
RESTART IDENTITY CASCADE;

-- =============================================================================
-- ORGANIZATION
-- =============================================================================

INSERT INTO organizations (id, name, slug, plan_tier, settings, is_active, max_users, max_customers)
VALUES (
  '00000000-0000-0000-0000-000000000001',
  'SmartCRM Demo Org',
  'smartcrm-demo',
  'professional',
  '{"timezone":"America/New_York","currency":"USD","fiscal_year_start":1,"features":{"ai_insights":true,"advanced_reports":true,"api_access":false}}',
  true,
  50,
  5000
);

-- =============================================================================
-- USERS  (passwords are bcrypt hash of "Password1!")
-- =============================================================================

INSERT INTO users (id, org_id, email, password_hash, role, is_active)
VALUES
  (
    '00000000-0000-0000-0001-000000000001',
    '00000000-0000-0000-0000-000000000001',
    'superadmin@smartcrm.io',
    '$2b$12$lJh5OrsWArAd/puFoozlgu97JdXLdPlZOETBDqidPUrbI3kI6C1wO',
    'super_admin',
    true
  ),
  (
    '00000000-0000-0000-0001-000000000002',
    '00000000-0000-0000-0000-000000000001',
    'alice.chen@smartcrm.io',
    '$2b$12$lJh5OrsWArAd/puFoozlgu97JdXLdPlZOETBDqidPUrbI3kI6C1wO',
    'business_admin',
    true
  ),
  (
    '00000000-0000-0000-0001-000000000003',
    '00000000-0000-0000-0000-000000000001',
    'marcus.johnson@smartcrm.io',
    '$2b$12$LQv3c1yqBWVHxkd0LHAkCOYz6TtxMQJqhN8/LewdBPj/RK.s5uMHi',
    'manager',
    true
  ),
  (
    '00000000-0000-0000-0001-000000000004',
    '00000000-0000-0000-0000-000000000001',
    'priya.sharma@smartcrm.io',
    '$2b$12$LQv3c1yqBWVHxkd0LHAkCOYz6TtxMQJqhN8/LewdBPj/RK.s5uMHi',
    'employee',
    true
  ),
  (
    '00000000-0000-0000-0001-000000000005',
    '00000000-0000-0000-0000-000000000001',
    'ryan.torres@smartcrm.io',
    '$2b$12$LQv3c1yqBWVHxkd0LHAkCOYz6TtxMQJqhN8/LewdBPj/RK.s5uMHi',
    'employee',
    true
  );

-- =============================================================================
-- PIPELINE STAGES
-- =============================================================================

INSERT INTO pipeline_stages (id, org_id, name, order_index, color)
VALUES
  ('00000000-0000-0000-0002-000000000001', '00000000-0000-0000-0000-000000000001', 'New',          1, '#6366f1'),
  ('00000000-0000-0000-0002-000000000002', '00000000-0000-0000-0000-000000000001', 'Qualified',    2, '#3b82f6'),
  ('00000000-0000-0000-0002-000000000003', '00000000-0000-0000-0000-000000000001', 'Proposal',     3, '#f59e0b'),
  ('00000000-0000-0000-0002-000000000004', '00000000-0000-0000-0000-000000000001', 'Negotiation',  4, '#ef4444'),
  ('00000000-0000-0000-0002-000000000005', '00000000-0000-0000-0000-000000000001', 'Closed Won',   5, '#22c55e');

-- =============================================================================
-- CUSTOMERS (20 records)
-- =============================================================================

INSERT INTO customers (id, org_id, name, email, phone, company, health_score, tags, segment)
VALUES
  ('00000000-0000-0000-0003-000000000001', '00000000-0000-0000-0000-000000000001', 'Lena Fischer',      'lena.fischer@axotech.io',       '+1-415-555-0101', 'AxoTech Inc.',         92, ARRAY['enterprise','saas'],          'enterprise'),
  ('00000000-0000-0000-0003-000000000002', '00000000-0000-0000-0000-000000000001', 'James Okafor',      'james.okafor@peaklabs.com',      '+1-312-555-0102', 'Peak Labs',            78, ARRAY['mid-market','hardware'],       'mid-market'),
  ('00000000-0000-0000-0003-000000000003', '00000000-0000-0000-0000-000000000001', 'Sofia Reyes',       'sofia.reyes@novaretail.co',      '+1-213-555-0103', 'Nova Retail Co.',      55, ARRAY['smb','retail'],                'smb'),
  ('00000000-0000-0000-0003-000000000004', '00000000-0000-0000-0000-000000000001', 'Haruto Yamada',     'haruto.yamada@driftsoft.jp',     '+81-3-5555-0104', 'DriftSoft K.K.',       85, ARRAY['enterprise','fintech'],        'enterprise'),
  ('00000000-0000-0000-0003-000000000005', '00000000-0000-0000-0000-000000000001', 'Amara Nwosu',       'amara.nwosu@greenleaf.ng',       '+234-1-555-0105', 'Greenleaf Ventures',   40, ARRAY['smb','sustainability'],        'smb'),
  ('00000000-0000-0000-0003-000000000006', '00000000-0000-0000-0000-000000000001', 'David Kowalski',    'david.k@bridgesys.pl',           '+48-22-555-0106', 'BridgeSys Sp. z o.o.', 71, ARRAY['mid-market','logistics'],      'mid-market'),
  ('00000000-0000-0000-0003-000000000007', '00000000-0000-0000-0000-000000000001', 'Ingrid Svensson',   'ingrid.s@northwave.se',          '+46-8-555-0107', 'NorthWave AB',          88, ARRAY['enterprise','telecom'],        'enterprise'),
  ('00000000-0000-0000-0003-000000000008', '00000000-0000-0000-0000-000000000001', 'Carlos Mendez',     'carlos.m@riodigital.br',         '+55-11-555-0108', 'Rio Digital Ltda.',    63, ARRAY['mid-market','media'],          'mid-market'),
  ('00000000-0000-0000-0003-000000000009', '00000000-0000-0000-0000-000000000001', 'Preethi Nair',      'preethi.n@indusflow.in',         '+91-22-555-0109', 'IndusFlow Systems',    77, ARRAY['enterprise','manufacturing'],  'enterprise'),
  ('00000000-0000-0000-0003-000000000010', '00000000-0000-0000-0000-000000000001', 'Ethan Brooks',      'ethan.b@clarifyhq.com',          '+1-646-555-0110', 'ClarifyHQ',            50, ARRAY['smb','hr-tech'],               'smb'),
  ('00000000-0000-0000-0003-000000000011', '00000000-0000-0000-0000-000000000001', 'Yuki Tanaka',       'yuki.t@solarpath.jp',            '+81-6-5555-0111', 'SolarPath Ltd.',       91, ARRAY['enterprise','cleantech'],      'enterprise'),
  ('00000000-0000-0000-0003-000000000012', '00000000-0000-0000-0000-000000000001', 'Oluwaseun Adeyemi', 'seun.a@fasttrackng.com',          '+234-8-555-0112', 'FastTrack NG',         36, ARRAY['smb','ecommerce'],             'smb'),
  ('00000000-0000-0000-0003-000000000013', '00000000-0000-0000-0000-000000000001', 'Mia Hoffmann',      'mia.h@urbancraft.de',            '+49-89-555-0113', 'UrbanCraft GmbH',      68, ARRAY['mid-market','real-estate'],    'mid-market'),
  ('00000000-0000-0000-0003-000000000014', '00000000-0000-0000-0000-000000000001', 'Liam Nguyen',       'liam.n@startsmart.vn',           '+84-28-555-0114', 'StartSmart Vietnam',   82, ARRAY['mid-market','edtech'],         'mid-market'),
  ('00000000-0000-0000-0003-000000000015', '00000000-0000-0000-0000-000000000001', 'Fatima Al-Rashid',  'fatima.r@pioneerme.ae',          '+971-4-555-0115', 'Pioneer ME LLC',       73, ARRAY['enterprise','consulting'],     'enterprise'),
  ('00000000-0000-0000-0003-000000000016', '00000000-0000-0000-0000-000000000001', 'Noah Petit',        'noah.p@alpinesoft.fr',           '+33-1-555-0116', 'AlpineSoft SAS',       59, ARRAY['mid-market','dev-tools'],      'mid-market'),
  ('00000000-0000-0000-0003-000000000017', '00000000-0000-0000-0000-000000000001', 'Zara Ahmed',        'zara.a@nexuspy.com',             '+92-21-555-0117', 'NexusPy Solutions',    44, ARRAY['smb','saas'],                  'smb'),
  ('00000000-0000-0000-0003-000000000018', '00000000-0000-0000-0000-000000000001', 'Lucas Ferreira',    'lucas.f@quantafinance.br',       '+55-21-555-0118', 'Quanta Finance',       87, ARRAY['enterprise','fintech'],        'enterprise'),
  ('00000000-0000-0000-0003-000000000019', '00000000-0000-0000-0000-000000000001', 'Elena Morozova',    'elena.m@crystalanalytics.ru',    '+7-495-555-0119', 'Crystal Analytics',    66, ARRAY['mid-market','analytics'],      'mid-market'),
  ('00000000-0000-0000-0003-000000000020', '00000000-0000-0000-0000-000000000001', 'Tyler Washington',  'tyler.w@cascadeworks.us',        '+1-503-555-0120', 'Cascade Works LLC',    95, ARRAY['enterprise','infrastructure'], 'enterprise');

-- =============================================================================
-- LEADS (52 records — spread across 5 pipeline stages)
-- =============================================================================

INSERT INTO leads (id, org_id, customer_id, assigned_to, pipeline_stage_id, score, source, status)
VALUES
  -- New (11 leads)
  ('00000000-0000-0000-0004-000000000001', '00000000-0000-0000-0000-000000000001', '00000000-0000-0000-0003-000000000003', '00000000-0000-0000-0001-000000000004', '00000000-0000-0000-0002-000000000001', 22, 'website',   'open'),
  ('00000000-0000-0000-0004-000000000002', '00000000-0000-0000-0000-000000000001', '00000000-0000-0000-0003-000000000005', '00000000-0000-0000-0001-000000000005', '00000000-0000-0000-0002-000000000001', 18, 'referral',  'open'),
  ('00000000-0000-0000-0004-000000000003', '00000000-0000-0000-0000-000000000001', '00000000-0000-0000-0003-000000000010', '00000000-0000-0000-0001-000000000004', '00000000-0000-0000-0002-000000000001', 30, 'linkedin',  'open'),
  ('00000000-0000-0000-0004-000000000004', '00000000-0000-0000-0000-000000000001', '00000000-0000-0000-0003-000000000012', '00000000-0000-0000-0001-000000000005', '00000000-0000-0000-0002-000000000001', 15, 'cold-email','open'),
  ('00000000-0000-0000-0004-000000000005', '00000000-0000-0000-0000-000000000001', '00000000-0000-0000-0003-000000000017', '00000000-0000-0000-0001-000000000004', '00000000-0000-0000-0002-000000000001', 25, 'webinar',   'open'),
  ('00000000-0000-0000-0004-000000000006', '00000000-0000-0000-0000-000000000001', '00000000-0000-0000-0003-000000000016', '00000000-0000-0000-0001-000000000005', '00000000-0000-0000-0002-000000000001', 20, 'website',   'open'),
  ('00000000-0000-0000-0004-000000000007', '00000000-0000-0000-0000-000000000001', '00000000-0000-0000-0003-000000000019', '00000000-0000-0000-0001-000000000004', '00000000-0000-0000-0002-000000000001', 28, 'cold-email','open'),
  ('00000000-0000-0000-0004-000000000008', '00000000-0000-0000-0000-000000000001', '00000000-0000-0000-0003-000000000013', '00000000-0000-0000-0001-000000000005', '00000000-0000-0000-0002-000000000001', 10, 'trade-show','open'),
  ('00000000-0000-0000-0004-000000000009', '00000000-0000-0000-0000-000000000001', '00000000-0000-0000-0003-000000000008', '00000000-0000-0000-0001-000000000004', '00000000-0000-0000-0002-000000000001', 35, 'referral',  'open'),
  ('00000000-0000-0000-0004-000000000010', '00000000-0000-0000-0000-000000000001', '00000000-0000-0000-0003-000000000020', '00000000-0000-0000-0001-000000000005', '00000000-0000-0000-0002-000000000001', 40, 'website',   'open'),
  ('00000000-0000-0000-0004-000000000011', '00000000-0000-0000-0000-000000000001', '00000000-0000-0000-0003-000000000006', '00000000-0000-0000-0001-000000000003', '00000000-0000-0000-0002-000000000001', 33, 'linkedin',  'open'),

  -- Qualified (12 leads)
  ('00000000-0000-0000-0004-000000000012', '00000000-0000-0000-0000-000000000001', '00000000-0000-0000-0003-000000000002', '00000000-0000-0000-0001-000000000004', '00000000-0000-0000-0002-000000000002', 52, 'referral',  'open'),
  ('00000000-0000-0000-0004-000000000013', '00000000-0000-0000-0000-000000000001', '00000000-0000-0000-0003-000000000006', '00000000-0000-0000-0001-000000000005', '00000000-0000-0000-0002-000000000002', 60, 'website',   'open'),
  ('00000000-0000-0000-0004-000000000014', '00000000-0000-0000-0000-000000000001', '00000000-0000-0000-0003-000000000009', '00000000-0000-0000-0001-000000000003', '00000000-0000-0000-0002-000000000002', 71, 'linkedin',  'open'),
  ('00000000-0000-0000-0004-000000000015', '00000000-0000-0000-0000-000000000001', '00000000-0000-0000-0003-000000000014', '00000000-0000-0000-0001-000000000004', '00000000-0000-0000-0002-000000000002', 58, 'cold-email','open'),
  ('00000000-0000-0000-0004-000000000016', '00000000-0000-0000-0000-000000000001', '00000000-0000-0000-0003-000000000015', '00000000-0000-0000-0001-000000000005', '00000000-0000-0000-0002-000000000002', 65, 'trade-show','open'),
  ('00000000-0000-0000-0004-000000000017', '00000000-0000-0000-0000-000000000001', '00000000-0000-0000-0003-000000000016', '00000000-0000-0000-0001-000000000003', '00000000-0000-0000-0002-000000000002', 55, 'webinar',   'open'),
  ('00000000-0000-0000-0004-000000000018', '00000000-0000-0000-0000-000000000001', '00000000-0000-0000-0003-000000000018', '00000000-0000-0000-0001-000000000004', '00000000-0000-0000-0002-000000000002', 73, 'referral',  'open'),
  ('00000000-0000-0000-0004-000000000019', '00000000-0000-0000-0000-000000000001', '00000000-0000-0000-0003-000000000001', '00000000-0000-0000-0001-000000000005', '00000000-0000-0000-0002-000000000002', 68, 'website',   'open'),
  ('00000000-0000-0000-0004-000000000020', '00000000-0000-0000-0000-000000000001', '00000000-0000-0000-0003-000000000007', '00000000-0000-0000-0001-000000000003', '00000000-0000-0000-0002-000000000002', 80, 'partner',   'open'),
  ('00000000-0000-0000-0004-000000000021', '00000000-0000-0000-0000-000000000001', '00000000-0000-0000-0003-000000000011', '00000000-0000-0000-0001-000000000004', '00000000-0000-0000-0002-000000000002', 76, 'linkedin',  'open'),
  ('00000000-0000-0000-0004-000000000022', '00000000-0000-0000-0000-000000000001', '00000000-0000-0000-0003-000000000013', '00000000-0000-0000-0001-000000000005', '00000000-0000-0000-0002-000000000002', 62, 'cold-email','open'),
  ('00000000-0000-0000-0004-000000000023', '00000000-0000-0000-0000-000000000001', '00000000-0000-0000-0003-000000000019', '00000000-0000-0000-0001-000000000003', '00000000-0000-0000-0002-000000000002', 59, 'website',   'open'),

  -- Proposal (12 leads)
  ('00000000-0000-0000-0004-000000000024', '00000000-0000-0000-0000-000000000001', '00000000-0000-0000-0003-000000000004', '00000000-0000-0000-0001-000000000003', '00000000-0000-0000-0002-000000000003', 82, 'referral',  'open'),
  ('00000000-0000-0000-0004-000000000025', '00000000-0000-0000-0000-000000000001', '00000000-0000-0000-0003-000000000007', '00000000-0000-0000-0001-000000000004', '00000000-0000-0000-0002-000000000003', 75, 'linkedin',  'open'),
  ('00000000-0000-0000-0004-000000000026', '00000000-0000-0000-0000-000000000001', '00000000-0000-0000-0003-000000000011', '00000000-0000-0000-0001-000000000005', '00000000-0000-0000-0002-000000000003', 88, 'website',   'open'),
  ('00000000-0000-0000-0004-000000000027', '00000000-0000-0000-0000-000000000001', '00000000-0000-0000-0003-000000000018', '00000000-0000-0000-0001-000000000003', '00000000-0000-0000-0002-000000000003', 79, 'trade-show','open'),
  ('00000000-0000-0000-0004-000000000028', '00000000-0000-0000-0000-000000000001', '00000000-0000-0000-0003-000000000020', '00000000-0000-0000-0001-000000000004', '00000000-0000-0000-0002-000000000003', 91, 'partner',   'open'),
  ('00000000-0000-0000-0004-000000000029', '00000000-0000-0000-0000-000000000001', '00000000-0000-0000-0003-000000000001', '00000000-0000-0000-0001-000000000005', '00000000-0000-0000-0002-000000000003', 84, 'referral',  'open'),
  ('00000000-0000-0000-0004-000000000030', '00000000-0000-0000-0000-000000000001', '00000000-0000-0000-0003-000000000009', '00000000-0000-0000-0001-000000000003', '00000000-0000-0000-0002-000000000003', 77, 'webinar',   'open'),
  ('00000000-0000-0000-0004-000000000031', '00000000-0000-0000-0000-000000000001', '00000000-0000-0000-0003-000000000015', '00000000-0000-0000-0001-000000000004', '00000000-0000-0000-0002-000000000003', 86, 'cold-email','open'),
  ('00000000-0000-0000-0004-000000000032', '00000000-0000-0000-0000-000000000001', '00000000-0000-0000-0003-000000000002', '00000000-0000-0000-0001-000000000005', '00000000-0000-0000-0002-000000000003', 72, 'linkedin',  'open'),
  ('00000000-0000-0000-0004-000000000033', '00000000-0000-0000-0000-000000000001', '00000000-0000-0000-0003-000000000008', '00000000-0000-0000-0001-000000000003', '00000000-0000-0000-0002-000000000003', 68, 'website',   'open'),
  ('00000000-0000-0000-0004-000000000034', '00000000-0000-0000-0000-000000000001', '00000000-0000-0000-0003-000000000014', '00000000-0000-0000-0001-000000000004', '00000000-0000-0000-0002-000000000003', 83, 'referral',  'open'),
  ('00000000-0000-0000-0004-000000000035', '00000000-0000-0000-0000-000000000001', '00000000-0000-0000-0003-000000000017', '00000000-0000-0000-0001-000000000005', '00000000-0000-0000-0002-000000000003', 70, 'partner',   'open'),

  -- Negotiation (9 leads)
  ('00000000-0000-0000-0004-000000000036', '00000000-0000-0000-0000-000000000001', '00000000-0000-0000-0003-000000000001', '00000000-0000-0000-0001-000000000003', '00000000-0000-0000-0002-000000000004', 92, 'referral',  'open'),
  ('00000000-0000-0000-0004-000000000037', '00000000-0000-0000-0000-000000000001', '00000000-0000-0000-0003-000000000004', '00000000-0000-0000-0001-000000000004', '00000000-0000-0000-0002-000000000004', 89, 'partner',   'open'),
  ('00000000-0000-0000-0004-000000000038', '00000000-0000-0000-0000-000000000001', '00000000-0000-0000-0003-000000000007', '00000000-0000-0000-0001-000000000005', '00000000-0000-0000-0002-000000000004', 94, 'linkedin',  'open'),
  ('00000000-0000-0000-0004-000000000039', '00000000-0000-0000-0000-000000000001', '00000000-0000-0000-0003-000000000009', '00000000-0000-0000-0001-000000000003', '00000000-0000-0000-0002-000000000004', 87, 'trade-show','open'),
  ('00000000-0000-0000-0004-000000000040', '00000000-0000-0000-0000-000000000001', '00000000-0000-0000-0003-000000000011', '00000000-0000-0000-0001-000000000004', '00000000-0000-0000-0002-000000000004', 90, 'website',   'open'),
  ('00000000-0000-0000-0004-000000000041', '00000000-0000-0000-0000-000000000001', '00000000-0000-0000-0003-000000000018', '00000000-0000-0000-0001-000000000005', '00000000-0000-0000-0002-000000000004', 85, 'referral',  'open'),
  ('00000000-0000-0000-0004-000000000042', '00000000-0000-0000-0000-000000000001', '00000000-0000-0000-0003-000000000020', '00000000-0000-0000-0001-000000000003', '00000000-0000-0000-0002-000000000004', 96, 'partner',   'open'),
  ('00000000-0000-0000-0004-000000000043', '00000000-0000-0000-0000-000000000001', '00000000-0000-0000-0003-000000000015', '00000000-0000-0000-0001-000000000004', '00000000-0000-0000-0002-000000000004', 88, 'webinar',   'open'),
  ('00000000-0000-0000-0004-000000000044', '00000000-0000-0000-0000-000000000001', '00000000-0000-0000-0003-000000000014', '00000000-0000-0000-0001-000000000005', '00000000-0000-0000-0002-000000000004', 91, 'linkedin',  'open'),

  -- Closed Won (8 leads)
  ('00000000-0000-0000-0004-000000000045', '00000000-0000-0000-0000-000000000001', '00000000-0000-0000-0003-000000000001', '00000000-0000-0000-0001-000000000003', '00000000-0000-0000-0002-000000000005', 98, 'referral',  'won'),
  ('00000000-0000-0000-0004-000000000046', '00000000-0000-0000-0000-000000000001', '00000000-0000-0000-0003-000000000004', '00000000-0000-0000-0001-000000000004', '00000000-0000-0000-0002-000000000005', 97, 'partner',   'won'),
  ('00000000-0000-0000-0004-000000000047', '00000000-0000-0000-0000-000000000001', '00000000-0000-0000-0003-000000000007', '00000000-0000-0000-0001-000000000005', '00000000-0000-0000-0002-000000000005', 95, 'linkedin',  'won'),
  ('00000000-0000-0000-0004-000000000048', '00000000-0000-0000-0000-000000000001', '00000000-0000-0000-0003-000000000009', '00000000-0000-0000-0001-000000000003', '00000000-0000-0000-0002-000000000005', 99, 'trade-show','won'),
  ('00000000-0000-0000-0004-000000000049', '00000000-0000-0000-0000-000000000001', '00000000-0000-0000-0003-000000000011', '00000000-0000-0000-0001-000000000004', '00000000-0000-0000-0002-000000000005', 96, 'website',   'won'),
  ('00000000-0000-0000-0004-000000000050', '00000000-0000-0000-0000-000000000001', '00000000-0000-0000-0003-000000000018', '00000000-0000-0000-0001-000000000005', '00000000-0000-0000-0002-000000000005', 94, 'referral',  'won'),
  ('00000000-0000-0000-0004-000000000051', '00000000-0000-0000-0000-000000000001', '00000000-0000-0000-0003-000000000020', '00000000-0000-0000-0001-000000000003', '00000000-0000-0000-0002-000000000005', 100,'partner',   'won'),
  ('00000000-0000-0000-0004-000000000052', '00000000-0000-0000-0000-000000000001', '00000000-0000-0000-0003-000000000015', '00000000-0000-0000-0001-000000000004', '00000000-0000-0000-0002-000000000005', 93, 'webinar',   'won');

-- =============================================================================
-- DEALS (12 records — tied to Closed Won and late-stage leads)
-- =============================================================================

INSERT INTO deals (id, org_id, lead_id, value, currency, close_date, status)
VALUES
  ('00000000-0000-0000-0005-000000000001', '00000000-0000-0000-0000-000000000001', '00000000-0000-0000-0004-000000000045', 42500.00,  'USD', '2026-04-15', 'won'),
  ('00000000-0000-0000-0005-000000000002', '00000000-0000-0000-0000-000000000001', '00000000-0000-0000-0004-000000000046', 87000.00,  'USD', '2026-04-22', 'won'),
  ('00000000-0000-0000-0005-000000000003', '00000000-0000-0000-0000-000000000001', '00000000-0000-0000-0004-000000000047', 33500.00,  'USD', '2026-04-29', 'won'),
  ('00000000-0000-0000-0005-000000000004', '00000000-0000-0000-0000-000000000001', '00000000-0000-0000-0004-000000000048', 120000.00, 'USD', '2026-05-05', 'won'),
  ('00000000-0000-0000-0005-000000000005', '00000000-0000-0000-0000-000000000001', '00000000-0000-0000-0004-000000000049', 58000.00,  'USD', '2026-05-10', 'won'),
  ('00000000-0000-0000-0005-000000000006', '00000000-0000-0000-0000-000000000001', '00000000-0000-0000-0004-000000000050', 95000.00,  'USD', '2026-05-14', 'won'),
  ('00000000-0000-0000-0005-000000000007', '00000000-0000-0000-0000-000000000001', '00000000-0000-0000-0004-000000000051', 210000.00, 'USD', '2026-05-20', 'won'),
  ('00000000-0000-0000-0005-000000000008', '00000000-0000-0000-0000-000000000001', '00000000-0000-0000-0004-000000000052', 47500.00,  'USD', '2026-05-23', 'won'),
  -- In-progress deals linked to Negotiation-stage leads
  ('00000000-0000-0000-0005-000000000009', '00000000-0000-0000-0000-000000000001', '00000000-0000-0000-0004-000000000036', 68000.00,  'USD', '2026-06-30', 'open'),
  ('00000000-0000-0000-0005-000000000010', '00000000-0000-0000-0000-000000000001', '00000000-0000-0000-0004-000000000038', 145000.00, 'USD', '2026-07-15', 'open'),
  ('00000000-0000-0000-0005-000000000011', '00000000-0000-0000-0000-000000000001', '00000000-0000-0000-0004-000000000040', 52000.00,  'USD', '2026-07-31', 'open'),
  ('00000000-0000-0000-0005-000000000012', '00000000-0000-0000-0000-000000000001', '00000000-0000-0000-0004-000000000042', 180000.00, 'USD', '2026-08-15', 'open');

-- =============================================================================
-- TASKS (32 records)
-- =============================================================================

INSERT INTO tasks (id, org_id, assigned_to, related_to_type, related_to_id, title, priority, status, due_date)
VALUES
  ('00000000-0000-0000-0006-000000000001', '00000000-0000-0000-0000-000000000001', '00000000-0000-0000-0001-000000000004', 'lead',     '00000000-0000-0000-0004-000000000001', 'Send initial outreach email',              'high',   'pending',     '2026-05-30 09:00:00+00'),
  ('00000000-0000-0000-0006-000000000002', '00000000-0000-0000-0000-000000000001', '00000000-0000-0000-0001-000000000005', 'lead',     '00000000-0000-0000-0004-000000000002', 'Schedule discovery call',                  'high',   'pending',     '2026-05-31 10:00:00+00'),
  ('00000000-0000-0000-0006-000000000003', '00000000-0000-0000-0000-000000000001', '00000000-0000-0000-0001-000000000004', 'customer', '00000000-0000-0000-0003-000000000003', 'Follow up on health-score drop',           'medium', 'pending',     '2026-06-01 11:00:00+00'),
  ('00000000-0000-0000-0006-000000000004', '00000000-0000-0000-0000-000000000001', '00000000-0000-0000-0001-000000000005', 'lead',     '00000000-0000-0000-0004-000000000004', 'Qualify budget and authority',             'high',   'pending',     '2026-06-02 09:00:00+00'),
  ('00000000-0000-0000-0006-000000000005', '00000000-0000-0000-0000-000000000001', '00000000-0000-0000-0001-000000000003', 'lead',     '00000000-0000-0000-0004-000000000014', 'Prepare technical deep-dive deck',         'high',   'in_progress', '2026-06-03 14:00:00+00'),
  ('00000000-0000-0000-0006-000000000006', '00000000-0000-0000-0000-000000000001', '00000000-0000-0000-0001-000000000004', 'lead',     '00000000-0000-0000-0004-000000000018', 'Send pricing proposal',                    'high',   'in_progress', '2026-06-03 16:00:00+00'),
  ('00000000-0000-0000-0006-000000000007', '00000000-0000-0000-0000-000000000001', '00000000-0000-0000-0001-000000000005', 'lead',     '00000000-0000-0000-0004-000000000024', 'Present solution demo to stakeholders',    'high',   'in_progress', '2026-06-04 10:00:00+00'),
  ('00000000-0000-0000-0006-000000000008', '00000000-0000-0000-0000-000000000001', '00000000-0000-0000-0001-000000000003', 'lead',     '00000000-0000-0000-0004-000000000027', 'Draft enterprise SLA addendum',            'high',   'pending',     '2026-06-05 09:00:00+00'),
  ('00000000-0000-0000-0006-000000000009', '00000000-0000-0000-0000-000000000001', '00000000-0000-0000-0001-000000000004', 'lead',     '00000000-0000-0000-0004-000000000036', 'Finalise contract redline with legal',     'high',   'in_progress', '2026-06-05 14:00:00+00'),
  ('00000000-0000-0000-0006-000000000010', '00000000-0000-0000-0000-000000000001', '00000000-0000-0000-0001-000000000005', 'lead',     '00000000-0000-0000-0004-000000000038', 'Negotiate multi-year discount terms',      'high',   'in_progress', '2026-06-06 09:00:00+00'),
  ('00000000-0000-0000-0006-000000000011', '00000000-0000-0000-0000-000000000001', '00000000-0000-0000-0001-000000000003', 'lead',     '00000000-0000-0000-0004-000000000040', 'Align on data security requirements',      'high',   'pending',     '2026-06-06 11:00:00+00'),
  ('00000000-0000-0000-0006-000000000012', '00000000-0000-0000-0000-000000000001', '00000000-0000-0000-0001-000000000004', 'customer', '00000000-0000-0000-0003-000000000001', 'Schedule quarterly business review',       'medium', 'pending',     '2026-06-10 10:00:00+00'),
  ('00000000-0000-0000-0006-000000000013', '00000000-0000-0000-0000-000000000001', '00000000-0000-0000-0001-000000000005', 'customer', '00000000-0000-0000-0003-000000000007', 'Send product roadmap newsletter',          'low',    'pending',     '2026-06-12 10:00:00+00'),
  ('00000000-0000-0000-0006-000000000014', '00000000-0000-0000-0000-000000000001', '00000000-0000-0000-0001-000000000003', 'lead',     '00000000-0000-0000-0004-000000000025', 'Coordinate proof-of-concept environment',  'medium', 'pending',     '2026-06-07 10:00:00+00'),
  ('00000000-0000-0000-0006-000000000015', '00000000-0000-0000-0000-000000000001', '00000000-0000-0000-0001-000000000004', 'lead',     '00000000-0000-0000-0004-000000000029', 'Obtain security questionnaire sign-off',   'high',   'pending',     '2026-06-08 09:00:00+00'),
  ('00000000-0000-0000-0006-000000000016', '00000000-0000-0000-0000-000000000001', '00000000-0000-0000-0001-000000000005', 'customer', '00000000-0000-0000-0003-000000000011', 'Upsell advanced analytics module',         'medium', 'pending',     '2026-06-09 11:00:00+00'),
  ('00000000-0000-0000-0006-000000000017', '00000000-0000-0000-0000-000000000001', '00000000-0000-0000-0001-000000000003', 'customer', '00000000-0000-0000-0003-000000000018', 'Check in post-onboarding satisfaction',    'medium', 'completed',   '2026-05-20 10:00:00+00'),
  ('00000000-0000-0000-0006-000000000018', '00000000-0000-0000-0000-000000000001', '00000000-0000-0000-0001-000000000004', 'customer', '00000000-0000-0000-0003-000000000020', 'Renew annual support agreement',           'high',   'completed',   '2026-05-22 09:00:00+00'),
  ('00000000-0000-0000-0006-000000000019', '00000000-0000-0000-0000-000000000001', '00000000-0000-0000-0001-000000000005', 'lead',     '00000000-0000-0000-0004-000000000047', 'Process signed order form',                'high',   'completed',   '2026-04-30 09:00:00+00'),
  ('00000000-0000-0000-0006-000000000020', '00000000-0000-0000-0000-000000000001', '00000000-0000-0000-0001-000000000003', 'lead',     '00000000-0000-0000-0004-000000000048', 'Trigger onboarding workflow',              'high',   'completed',   '2026-05-06 10:00:00+00'),
  ('00000000-0000-0000-0006-000000000021', '00000000-0000-0000-0000-000000000001', '00000000-0000-0000-0001-000000000004', 'customer', '00000000-0000-0000-0003-000000000005', 'Investigate at-risk account signals',      'high',   'pending',     '2026-06-02 10:00:00+00'),
  ('00000000-0000-0000-0006-000000000022', '00000000-0000-0000-0000-000000000001', '00000000-0000-0000-0001-000000000005', 'customer', '00000000-0000-0000-0003-000000000012', 'Re-engage churned prospect',               'medium', 'pending',     '2026-06-03 11:00:00+00'),
  ('00000000-0000-0000-0006-000000000023', '00000000-0000-0000-0000-000000000001', '00000000-0000-0000-0001-000000000003', 'lead',     '00000000-0000-0000-0004-000000000033', 'Upload proposal to customer portal',       'medium', 'pending',     '2026-06-04 14:00:00+00'),
  ('00000000-0000-0000-0006-000000000024', '00000000-0000-0000-0000-000000000001', '00000000-0000-0000-0001-000000000004', 'lead',     '00000000-0000-0000-0004-000000000034', 'Collect references from existing clients', 'medium', 'in_progress', '2026-06-05 16:00:00+00'),
  ('00000000-0000-0000-0006-000000000025', '00000000-0000-0000-0000-000000000001', '00000000-0000-0000-0001-000000000005', 'customer', '00000000-0000-0000-0003-000000000002', 'Map expansion opportunities within account','low',   'pending',     '2026-06-15 10:00:00+00'),
  ('00000000-0000-0000-0006-000000000026', '00000000-0000-0000-0000-000000000001', '00000000-0000-0000-0001-000000000003', 'lead',     '00000000-0000-0000-0004-000000000006', 'Research competitor displacement potential','medium','pending',     '2026-06-01 10:00:00+00'),
  ('00000000-0000-0000-0006-000000000027', '00000000-0000-0000-0000-000000000001', '00000000-0000-0000-0001-000000000004', 'lead',     '00000000-0000-0000-0004-000000000009', 'Log meeting notes in CRM',                 'low',    'pending',     '2026-05-30 17:00:00+00'),
  ('00000000-0000-0000-0006-000000000028', '00000000-0000-0000-0000-000000000001', '00000000-0000-0000-0001-000000000005', 'lead',     '00000000-0000-0000-0004-000000000010', 'Confirm budget approval from procurement', 'high',   'pending',     '2026-05-31 12:00:00+00'),
  ('00000000-0000-0000-0006-000000000029', '00000000-0000-0000-0000-000000000001', '00000000-0000-0000-0001-000000000003', 'customer', '00000000-0000-0000-0003-000000000009', 'Deliver integration workshop session',     'medium', 'in_progress', '2026-06-08 13:00:00+00'),
  ('00000000-0000-0000-0006-000000000030', '00000000-0000-0000-0000-000000000001', '00000000-0000-0000-0001-000000000004', 'customer', '00000000-0000-0000-0003-000000000015', 'Send renewal invoice 60 days ahead',       'high',   'pending',     '2026-07-01 09:00:00+00'),
  ('00000000-0000-0000-0006-000000000031', '00000000-0000-0000-0000-000000000001', '00000000-0000-0000-0001-000000000005', 'lead',     '00000000-0000-0000-0004-000000000043', 'Verify identity of new procurement contact','medium','pending',    '2026-06-06 15:00:00+00'),
  ('00000000-0000-0000-0006-000000000032', '00000000-0000-0000-0000-000000000001', '00000000-0000-0000-0001-000000000003', 'lead',     '00000000-0000-0000-0004-000000000044', 'Align on implementation timeline',         'high',   'in_progress', '2026-06-07 14:00:00+00');

-- =============================================================================
-- INTERACTIONS (51 records)
-- =============================================================================

INSERT INTO interactions (id, org_id, customer_id, user_id, type, notes, occurred_at)
VALUES
  ('00000000-0000-0000-0007-000000000001', '00000000-0000-0000-0000-000000000001', '00000000-0000-0000-0003-000000000001', '00000000-0000-0000-0001-000000000003', 'call',    'Discussed renewal terms and new module interest. Positive response.',                    '2026-05-01 10:00:00+00'),
  ('00000000-0000-0000-0007-000000000002', '00000000-0000-0000-0000-000000000001', '00000000-0000-0000-0003-000000000001', '00000000-0000-0000-0001-000000000004', 'email',   'Sent updated SLA document for review.',                                                   '2026-05-05 09:00:00+00'),
  ('00000000-0000-0000-0007-000000000003', '00000000-0000-0000-0000-000000000001', '00000000-0000-0000-0003-000000000001', '00000000-0000-0000-0001-000000000003', 'meeting', 'QBR — reviewed adoption metrics, agreed on Q3 growth targets.',                           '2026-05-15 14:00:00+00'),
  ('00000000-0000-0000-0007-000000000004', '00000000-0000-0000-0000-000000000001', '00000000-0000-0000-0003-000000000002', '00000000-0000-0000-0001-000000000004', 'call',    'Cold outreach call. Prospect interested; asked for product sheet.',                       '2026-04-20 11:00:00+00'),
  ('00000000-0000-0000-0007-000000000005', '00000000-0000-0000-0000-000000000001', '00000000-0000-0000-0003-000000000002', '00000000-0000-0000-0001-000000000005', 'email',   'Sent product one-pager and case study.',                                                  '2026-04-22 09:30:00+00'),
  ('00000000-0000-0000-0007-000000000006', '00000000-0000-0000-0000-000000000001', '00000000-0000-0000-0003-000000000002', '00000000-0000-0000-0001-000000000003', 'meeting', 'Discovery call — identified pain points in current CRM workflow.',                        '2026-05-02 15:00:00+00'),
  ('00000000-0000-0000-0007-000000000007', '00000000-0000-0000-0000-000000000001', '00000000-0000-0000-0003-000000000003', '00000000-0000-0000-0001-000000000004', 'email',   'Followed up on health score drop. Requested feedback.',                                   '2026-05-10 10:00:00+00'),
  ('00000000-0000-0000-0007-000000000008', '00000000-0000-0000-0000-000000000001', '00000000-0000-0000-0003-000000000003', '00000000-0000-0000-0001-000000000005', 'call',    'Customer flagged onboarding issues with import tool.',                                    '2026-05-12 11:30:00+00'),
  ('00000000-0000-0000-0007-000000000009', '00000000-0000-0000-0000-000000000001', '00000000-0000-0000-0003-000000000004', '00000000-0000-0000-0001-000000000003', 'meeting', 'Enterprise kickoff — introduced full product suite.',                                     '2026-04-18 09:00:00+00'),
  ('00000000-0000-0000-0007-000000000010', '00000000-0000-0000-0000-000000000001', '00000000-0000-0000-0003-000000000004', '00000000-0000-0000-0001-000000000004', 'call',    'Followed up on IT security review outcome.',                                              '2026-05-03 14:00:00+00'),
  ('00000000-0000-0000-0007-000000000011', '00000000-0000-0000-0000-000000000001', '00000000-0000-0000-0003-000000000004', '00000000-0000-0000-0001-000000000005', 'email',   'Sent redlined MSA for legal review.',                                                     '2026-05-18 10:00:00+00'),
  ('00000000-0000-0000-0007-000000000012', '00000000-0000-0000-0000-000000000001', '00000000-0000-0000-0003-000000000005', '00000000-0000-0000-0001-000000000003', 'call',    'Re-engagement call. Low usage. Exploring cancellation risk.',                             '2026-05-08 10:00:00+00'),
  ('00000000-0000-0000-0007-000000000013', '00000000-0000-0000-0000-000000000001', '00000000-0000-0000-0003-000000000006', '00000000-0000-0000-0001-000000000004', 'email',   'Introduced logistics-specific feature set.',                                              '2026-04-25 09:00:00+00'),
  ('00000000-0000-0000-0007-000000000014', '00000000-0000-0000-0000-000000000001', '00000000-0000-0000-0003-000000000006', '00000000-0000-0000-0001-000000000005', 'meeting', 'Demo of route optimisation reporting dashboard.',                                          '2026-05-07 13:00:00+00'),
  ('00000000-0000-0000-0007-000000000015', '00000000-0000-0000-0000-000000000001', '00000000-0000-0000-0003-000000000007', '00000000-0000-0000-0001-000000000003', 'call',    'Discussed multi-site rollout requirements.',                                              '2026-05-02 10:00:00+00'),
  ('00000000-0000-0000-0007-000000000016', '00000000-0000-0000-0000-000000000001', '00000000-0000-0000-0003-000000000007', '00000000-0000-0000-0001-000000000004', 'meeting', 'Technical workshop with IT and procurement teams.',                                       '2026-05-14 09:00:00+00'),
  ('00000000-0000-0000-0007-000000000017', '00000000-0000-0000-0000-000000000001', '00000000-0000-0000-0003-000000000007', '00000000-0000-0000-0001-000000000005', 'email',   'Sent formal proposal and implementation timeline.',                                       '2026-05-20 16:00:00+00'),
  ('00000000-0000-0000-0007-000000000018', '00000000-0000-0000-0000-000000000001', '00000000-0000-0000-0003-000000000008', '00000000-0000-0000-0001-000000000003', 'call',    'Discussed media partnership reporting requirements.',                                     '2026-04-28 11:00:00+00'),
  ('00000000-0000-0000-0007-000000000019', '00000000-0000-0000-0000-000000000001', '00000000-0000-0000-0003-000000000008', '00000000-0000-0000-0001-000000000004', 'email',   'Sent Brazilian Portuguese localisation plan.',                                            '2026-05-05 10:00:00+00'),
  ('00000000-0000-0000-0007-000000000020', '00000000-0000-0000-0000-000000000001', '00000000-0000-0000-0003-000000000009', '00000000-0000-0000-0001-000000000005', 'meeting', 'Executive sponsor alignment session.',                                                    '2026-04-22 14:00:00+00'),
  ('00000000-0000-0000-0007-000000000021', '00000000-0000-0000-0000-000000000001', '00000000-0000-0000-0003-000000000009', '00000000-0000-0000-0001-000000000003', 'call',    'Confirmed pilot scope — 3 sites, 40 users.',                                              '2026-05-10 09:30:00+00'),
  ('00000000-0000-0000-0007-000000000022', '00000000-0000-0000-0000-000000000001', '00000000-0000-0000-0003-000000000009', '00000000-0000-0000-0001-000000000004', 'email',   'Sent pilot kick-off materials and SSO guide.',                                            '2026-05-16 11:00:00+00'),
  ('00000000-0000-0000-0007-000000000023', '00000000-0000-0000-0000-000000000001', '00000000-0000-0000-0003-000000000010', '00000000-0000-0000-0001-000000000005', 'call',    'HRIS integration discovery call.',                                                        '2026-05-06 10:00:00+00'),
  ('00000000-0000-0000-0007-000000000024', '00000000-0000-0000-0000-000000000001', '00000000-0000-0000-0003-000000000011', '00000000-0000-0000-0001-000000000003', 'meeting', 'Presented AI insights module — strong enthusiasm from CTO.',                              '2026-05-11 13:00:00+00'),
  ('00000000-0000-0000-0007-000000000025', '00000000-0000-0000-0000-000000000001', '00000000-0000-0000-0003-000000000011', '00000000-0000-0000-0001-000000000004', 'email',   'Sent enterprise AI add-on pricing.',                                                      '2026-05-18 09:00:00+00'),
  ('00000000-0000-0000-0007-000000000026', '00000000-0000-0000-0000-000000000001', '00000000-0000-0000-0003-000000000012', '00000000-0000-0000-0001-000000000005', 'call',    'First contact — e-commerce pain points identified around order tracking.',               '2026-05-13 10:00:00+00'),
  ('00000000-0000-0000-0007-000000000027', '00000000-0000-0000-0000-000000000001', '00000000-0000-0000-0003-000000000013', '00000000-0000-0000-0001-000000000003', 'meeting', 'Explored property portfolio reporting needs.',                                            '2026-05-04 14:00:00+00'),
  ('00000000-0000-0000-0007-000000000028', '00000000-0000-0000-0000-000000000001', '00000000-0000-0000-0003-000000000013', '00000000-0000-0000-0001-000000000004', 'email',   'Sent real-estate vertical case study.',                                                   '2026-05-09 10:00:00+00'),
  ('00000000-0000-0000-0007-000000000029', '00000000-0000-0000-0000-000000000001', '00000000-0000-0000-0003-000000000014', '00000000-0000-0000-0001-000000000005', 'call',    'Evaluated current LMS and integration feasibility.',                                      '2026-05-03 11:00:00+00'),
  ('00000000-0000-0000-0007-000000000030', '00000000-0000-0000-0000-000000000001', '00000000-0000-0000-0003-000000000014', '00000000-0000-0000-0001-000000000003', 'meeting', 'Product demonstration — self-serve onboarding flow.',                                    '2026-05-17 15:00:00+00'),
  ('00000000-0000-0000-0007-000000000031', '00000000-0000-0000-0000-000000000001', '00000000-0000-0000-0003-000000000015', '00000000-0000-0000-0001-000000000004', 'call',    'MENA expansion requirements — Arabic localisation requested.',                           '2026-04-30 09:00:00+00'),
  ('00000000-0000-0000-0007-000000000032', '00000000-0000-0000-0000-000000000001', '00000000-0000-0000-0003-000000000015', '00000000-0000-0000-0001-000000000005', 'meeting', 'Commercial terms negotiation — multi-site volume discount agreed in principle.',         '2026-05-19 10:00:00+00'),
  ('00000000-0000-0000-0007-000000000033', '00000000-0000-0000-0000-000000000001', '00000000-0000-0000-0003-000000000016', '00000000-0000-0000-0001-000000000003', 'email',   'Sent developer API documentation and sandbox credentials.',                              '2026-05-01 11:00:00+00'),
  ('00000000-0000-0000-0007-000000000034', '00000000-0000-0000-0000-000000000001', '00000000-0000-0000-0003-000000000016', '00000000-0000-0000-0001-000000000004', 'call',    'Checked sandbox adoption — 3 integrations built already.',                               '2026-05-15 10:00:00+00'),
  ('00000000-0000-0000-0007-000000000035', '00000000-0000-0000-0000-000000000001', '00000000-0000-0000-0003-000000000017', '00000000-0000-0000-0001-000000000005', 'email',   'Re-engagement email sequence — product update highlights.',                              '2026-05-12 09:00:00+00'),
  ('00000000-0000-0000-0007-000000000036', '00000000-0000-0000-0000-000000000001', '00000000-0000-0000-0003-000000000018', '00000000-0000-0000-0001-000000000003', 'meeting', 'CFO briefing — ROI modelling of CRM consolidation scenario.',                            '2026-05-08 13:00:00+00'),
  ('00000000-0000-0000-0007-000000000037', '00000000-0000-0000-0000-000000000001', '00000000-0000-0000-0003-000000000018', '00000000-0000-0000-0001-000000000004', 'call',    'Reviewed signed NDA. Moving to formal proposal stage.',                                  '2026-05-21 10:00:00+00'),
  ('00000000-0000-0000-0007-000000000038', '00000000-0000-0000-0000-000000000001', '00000000-0000-0000-0003-000000000019', '00000000-0000-0000-0001-000000000005', 'email',   'Sent analytics platform comparison matrix.',                                              '2026-05-06 09:00:00+00'),
  ('00000000-0000-0000-0007-000000000039', '00000000-0000-0000-0000-000000000001', '00000000-0000-0000-0003-000000000019', '00000000-0000-0000-0001-000000000003', 'call',    'Addressed concerns around data residency and EU compliance.',                            '2026-05-13 14:00:00+00'),
  ('00000000-0000-0000-0007-000000000040', '00000000-0000-0000-0000-000000000001', '00000000-0000-0000-0003-000000000020', '00000000-0000-0000-0001-000000000004', 'meeting', 'Infrastructure briefing — presented containerised deployment option.',                   '2026-04-17 10:00:00+00'),
  ('00000000-0000-0000-0007-000000000041', '00000000-0000-0000-0000-000000000001', '00000000-0000-0000-0003-000000000020', '00000000-0000-0000-0001-000000000005', 'call',    'Contract execution call — all terms agreed, awaiting countersignature.',               '2026-05-19 15:00:00+00'),
  ('00000000-0000-0000-0007-000000000042', '00000000-0000-0000-0000-000000000001', '00000000-0000-0000-0003-000000000001', '00000000-0000-0000-0001-000000000003', 'call',    'Upsell discovery — discussed adding 10 additional seats.',                               '2026-05-22 10:00:00+00'),
  ('00000000-0000-0000-0007-000000000043', '00000000-0000-0000-0000-000000000001', '00000000-0000-0000-0003-000000000002', '00000000-0000-0000-0001-000000000004', 'email',   'Proposal revision sent after procurement feedback.',                                      '2026-05-23 09:00:00+00'),
  ('00000000-0000-0000-0007-000000000044', '00000000-0000-0000-0000-000000000001', '00000000-0000-0000-0003-000000000004', '00000000-0000-0000-0001-000000000005', 'meeting', 'Final commercial review — agreed on 24-month subscription.',                             '2026-05-24 14:00:00+00'),
  ('00000000-0000-0000-0007-000000000045', '00000000-0000-0000-0000-000000000001', '00000000-0000-0000-0003-000000000009', '00000000-0000-0000-0001-000000000003', 'call',    'Post-pilot review — 98% satisfaction score reported by project lead.',                  '2026-05-24 10:00:00+00'),
  ('00000000-0000-0000-0007-000000000046', '00000000-0000-0000-0000-000000000001', '00000000-0000-0000-0003-000000000011', '00000000-0000-0000-0001-000000000004', 'meeting', 'Signed MSA and SOW. Onboarding scheduled for June 3.',                                   '2026-05-25 11:00:00+00'),
  ('00000000-0000-0000-0007-000000000047', '00000000-0000-0000-0000-000000000001', '00000000-0000-0000-0003-000000000005', '00000000-0000-0000-0001-000000000005', 'call',    'Health intervention call — offered extended trial of premium features.',               '2026-05-14 09:00:00+00'),
  ('00000000-0000-0000-0007-000000000048', '00000000-0000-0000-0000-000000000001', '00000000-0000-0000-0003-000000000010', '00000000-0000-0000-0001-000000000003', 'email',   'Shared HRIS connector documentation and timeline estimates.',                            '2026-05-17 10:00:00+00'),
  ('00000000-0000-0000-0007-000000000049', '00000000-0000-0000-0000-000000000001', '00000000-0000-0000-0003-000000000014', '00000000-0000-0000-0001-000000000004', 'call',    'Pricing negotiation — agreed on 15% educational discount.',                             '2026-05-22 14:00:00+00'),
  ('00000000-0000-0000-0007-000000000050', '00000000-0000-0000-0000-000000000001', '00000000-0000-0000-0003-000000000016', '00000000-0000-0000-0001-000000000005', 'meeting', 'Dev tools roadmap walkthrough with engineering lead.',                                   '2026-05-23 15:00:00+00'),
  ('00000000-0000-0000-0007-000000000051', '00000000-0000-0000-0000-000000000001', '00000000-0000-0000-0003-000000000018', '00000000-0000-0000-0001-000000000003', 'call',    'Implementation kickoff call — assigned dedicated CSM and solutions engineer.',         '2026-05-26 09:00:00+00');
